{
  "project_info": {
    "project_number": "824627762320",
    "firebase_url": "https://yaatris-58337.firebaseio.com",
    "project_id": "yaatris-58337",
    "storage_bucket": "yaatris-58337.appspot.com"
  },
  "client": [
    {
      "client_info": {
        "mobilesdk_app_id": "1:824627762320:android:b9ac27c7a8fb0ee3b67415",
        "android_client_info": {
          "package_name": "com.example.yaatris"
        }
      },
      "oauth_client": [
        {
          "client_id": "824627762320-07ih6vlr855mv4e4f0ir5mq2emnnk0t5.apps.googleusercontent.com",
          "client_type": 3
        }
      ],
      "api_key": [
        {
          "current_key": "AIzaSyBGN82lufeDvG_XlnIVRFeHefL44rhekME"
        }
      ],
      "services": {
        "appinvite_service": {
          "other_platform_oauth_client": [
            {
              "client_id": "824627762320-07ih6vlr855mv4e4f0ir5mq2emnnk0t5.apps.googleusercontent.com",
              "client_type": 3
            }
          ]
        }
      }
    }
  ],
  "configuration_version": "1"
}